{
  "manifest.json": 1615582326109,
  "i18n/i18n.properties": 1615321019485,
  "model/models.js": 1614986895201,
  "controller/Main.controller.js": 1615309363664,
  "controller/BaseController.js": 1614987661825,
  "Component.js": 1614986895197,
  "manifest-bundle.zip": 1615582325848,
  "Component-preload.js": 1615582326069,
  "controller/BaseController-dbg.js": 1614987661825,
  "controller/Main-dbg.controller.js": 1615309363664,
  "model/models-dbg.js": 1614986895201,
  "Component-dbg.js": 1614986895197,
  "resources.json": 1615582326113,
  "view/Main.view.xml": 1615499232910,
  "css/style.css": 1614986895197,
  "index.html": 1614986895197
}