{
  "index.html": 1614986962277,
  "model/models.js": 1614986962277,
  "manifest.json": 1615582328248,
  "controller/Main.controller.js": 1615577925524,
  "controller/BaseController.js": 1614989021872,
  "Component.js": 1614986962277,
  "manifest-bundle.zip": 1615582328049,
  "Component-preload.js": 1615582328213,
  "model/models-dbg.js": 1614986962277,
  "controller/Main-dbg.controller.js": 1615577925524,
  "controller/BaseController-dbg.js": 1614989021872,
  "Component-dbg.js": 1614986962277,
  "resources.json": 1615582328251,
  "view/Main.view.xml": 1615582313171,
  "css/style.css": 1614986962277,
  "i18n/i18n.properties": 1614986962277
}